roi,p.incon.distr,p.targt.distr,p.targt.incon,b.incon.distr,b.targt.distr,b.targt.incon,num.roi,hemi,community,community.short
1_L,0.358271068342701,0.0099638054822826,0.744902481126058,0.0406044259988241,0.0393178685862041,-0.00128861465948853,51,L,somatosensory and motor cortex,M1 and S1
1_R,0.502121699727265,0.17495275182514,0.17495275182514,-0.0139739127122356,0.022179428011769,0.0361421390682836,231,R,somatosensory and motor cortex,M1 and S1
10d_L,0.890241407108224,0.105015507072331,0.811010695437949,0.0171705360291267,0.0262162352344621,0.00904977293176667,72,L,orbital and polar frontal cortex,oFC and pFC
10d_R,0.697572751061063,0.851430841847471,0.697572751061063,0.0210871692301151,0.00667655828375277,-0.0144126400978455,252,R,orbital and polar frontal cortex,oFC and pFC
10pp_L,0.797704125217873,0.303193982083663,0.318153495461418,-0.00702246458143612,0.0222749543648608,0.0292928368120115,90,L,orbital and polar frontal cortex,oFC and pFC
10pp_R,0.890241407108224,0.0748299042307714,0.455665829300054,0.00375471196666507,0.0273555530727745,0.0236032654499615,270,R,orbital and polar frontal cortex,oFC and pFC
10r_L,0.835999695141812,0.0480832156963445,0.469845984669979,-0.00382928675829949,0.0224373389621336,0.0262643691119726,65,L,anterior cingulate and medial prefrontal cortex,aCC and mPFC
10r_R,0.471121636762177,0.0566350175525834,0.0566350175525834,-0.0186062614468433,0.0212365193467046,0.0398270438448519,245,R,anterior cingulate and medial prefrontal cortex,aCC and mPFC
10v_L,0.874680881437659,0.00897708582451529,0.434924385008365,0.00685895850781298,0.0309943954095815,0.0241405689277447,88,L,anterior cingulate and medial prefrontal cortex,aCC and mPFC
10v_R,0.960693931667582,0.219562251944982,0.312693482000009,-0.00351573479322357,0.0242052140641559,0.027718590029947,268,R,anterior cingulate and medial prefrontal cortex,aCC and mPFC
11l_L,0.835999695141812,0.0181839932651471,0.0689814901748278,-0.00250692275005287,0.0274450281544079,0.0299498902751747,91,L,orbital and polar frontal cortex,oFC and pFC
11l_R,0.373889623041155,0.0135293000675887,0.0427148764544416,-0.0139864557157532,0.0328914805952976,0.0468563807248498,271,R,orbital and polar frontal cortex,oFC and pFC
13l_L,0.243145676906957,0.418033036960942,0.187456285102794,-0.0315513269660423,0.01459879375902,0.0461288732440886,92,L,orbital and polar frontal cortex,oFC and pFC
13l_R,0.553839603775181,0.469845984669979,0.469845984669979,-0.0114692121633821,0.0137045452274902,0.0251698011930431,272,R,orbital and polar frontal cortex,oFC and pFC
2_L,0.243145676906957,0.000857059418677864,0.650058760440644,0.046873953723933,0.0545328682177099,0.00767854216165754,52,L,somatosensory and motor cortex,M1 and S1
2_R,0.281329901983478,0.281329901983478,0.547237466230676,0.0464121235878184,0.0214128945644267,-0.0250240984205561,232,R,somatosensory and motor cortex,M1 and S1
23c_L,0.418033036960942,0.00143054720143354,0.418033036960942,0.0337605363621717,0.0490243588510861,0.0152891273500541,38,L,posterior cingulate cortex,pCC
23c_R,0.594236303924014,0.594236303924014,0.594236303924014,0.0293892247301124,0.0158643894261533,-0.0135311440930783,218,R,posterior cingulate cortex,pCC
23d_L,0.693252604522478,0.693252604522478,0.693252604522478,0.00171289334410615,0.0172952684276336,0.015582836724289,32,L,posterior cingulate cortex,pCC
23d_R,0.882455576709728,0.882455576709728,0.882455576709728,-0.0141559654740659,-0.0161856890736821,-0.00203018876469982,212,R,posterior cingulate cortex,pCC
24dd_L,0.514077640998648,0.15926847984899,0.929311998594734,0.0467487572493034,0.0318454718127162,-0.0149255055775104,40,L,paracentral lobular and mid cingulate cortex,PL and mid cing.
24dd_R,0.0981071332377344,0.0981071332377344,0.27654441392977,0.0651091832713085,0.0269099511158545,-0.0382662779246784,220,R,paracentral lobular and mid cingulate cortex,PL and mid cing.
24dv_L,0.540673796958633,0.0467280391762017,0.540673796958633,0.0205468624205603,0.034756409911701,0.0142197022806845,41,L,paracentral lobular and mid cingulate cortex,PL and mid cing.
24dv_R,0.447088119223633,0.447088119223633,0.447088119223633,-0.00389976755832429,0.0160616817545869,0.0199601990694064,221,R,paracentral lobular and mid cingulate cortex,PL and mid cing.
25_L,0.960693931667582,0.960693931667582,0.960693931667582,0.00465038942184784,0.0105851394323008,0.0059350421630248,164,L,anterior cingulate and medial prefrontal cortex,aCC and mPFC
25_R,0.130752281957575,0.30377721953337,0.099797118233365,-0.0383166587111938,0.0124609775047498,0.0507534033425939,344,R,anterior cingulate and medial prefrontal cortex,aCC and mPFC
31a_L,0.992135786718009,0.992135786718009,0.992135786718009,0.0193004541850502,0.00972067518688642,-0.00958157663077449,162,L,posterior cingulate cortex,pCC
31a_R,0.547237466230676,0.105015507072331,0.547237466230676,0.0244113230162799,0.0276824125373169,0.00327330150138164,342,R,posterior cingulate cortex,pCC
31pd_L,0.0768556103696661,0.204866971527189,0.204866971527189,0.0617378997854705,0.0165021594210472,-0.0452818739299315,161,L,posterior cingulate cortex,pCC
31pd_R,0.0309416265705451,0.267841718203968,0.161289135214293,0.0791099192670788,0.0225138782570463,-0.0566970224376593,341,R,posterior cingulate cortex,pCC
31pv_L,0.134652111684687,0.14236612695294,0.322872125703512,0.0488005795883747,0.0195309700242561,-0.0292975337072924,35,L,posterior cingulate cortex,pCC
31pv_R,0.734394060249004,0.303193982083663,0.905843557195151,0.0203232802127262,0.023868388197367,0.00354682849418686,215,R,posterior cingulate cortex,pCC
33pr_L,0.301974137375048,0.594236303924014,0.301974137375048,-0.0221901731719646,0.00560373984121089,0.0277904573265693,58,L,anterior cingulate and medial prefrontal cortex,aCC and mPFC
33pr_R,0.984272323561246,0.984272323561246,0.984272323561246,0.0146758768472243,-0.0150357892281746,-0.0297051112448212,238,R,anterior cingulate and medial prefrontal cortex,aCC and mPFC
3a_L,0.109749791234787,3.45057059085718e-05,0.00131550582072393,-0.0202843961368648,0.0723527753388668,0.0925014134083845,53,L,somatosensory and motor cortex,M1 and S1
3a_R,0.913658411817487,0.0854297529088832,0.462720645697724,0.00829502999480388,0.0269771132909113,0.0186862648330325,233,R,somatosensory and motor cortex,M1 and S1
3b_L,0.944992487568961,6.9015907655512e-08,0.00363068067165884,0.00701887083171372,0.0927803731079993,0.0858173877138003,9,L,somatosensory and motor cortex,M1 and S1
3b_R,0.835999695141812,0.00190903379233731,0.229863753234715,0.024634041540128,0.0468878372689619,0.0222795294081058,189,R,somatosensory and motor cortex,M1 and S1
4_L,0.502121699727265,1.02523083356232e-06,0.00217209876695712,-0.00321212593035092,0.0747270488512007,0.077920471321112,8,L,somatosensory and motor cortex,M1 and S1
4_R,0.76740362427525,0.00807857140661739,0.11730430345931,0.0127784390121743,0.054043768320123,0.0412938466318588,188,R,somatosensory and motor cortex,M1 and S1
43_L,0.805328189287153,0.0300177058728686,0.715856208561373,0.011797783585445,0.0259947936553854,0.0142013653581583,99,L,posterior opercular cortex,pOperc
43_R,0.327763332352514,0.016495685023191,0.0706704011083979,-0.0185665595140002,0.0309772796365945,0.0495153608114097,279,R,posterior opercular cortex,pOperc
44_L,0.00481232672651366,0.00468269564897739,0.156152999092271,0.0848201107829947,0.0377064726518178,-0.0472648036016627,74,L,inferior frontal cortex,iFC
44_R,0.968550646853224,0.255938692052357,0.388988507740729,0.00341711780666968,0.0288981179903399,0.0254835166369424,254,R,inferior frontal cortex,iFC
45_L,0.271399958313216,0.000117842298330118,0.812970469384972,0.0469765386763968,0.0459330619907824,-0.00104573314376968,75,L,inferior frontal cortex,iFC
45_R,0.693252604522478,0.0972706122016618,0.693252604522478,0.0238383261423104,0.0304366104985082,0.0066030752692786,255,R,inferior frontal cortex,iFC
46_L,0.678737063263331,0.000248153925696215,0.352335010992951,0.022442349477205,0.0369985885072185,0.0145683356326733,84,L,dorsolateral prefrontal cortex,dlPFC
46_R,0.9119844917488,0.209968823413846,0.992135786718009,0.0242860198445655,0.0216243061606282,-0.00266311226615481,264,R,dorsolateral prefrontal cortex,dlPFC
47l_L,0.42375505603421,0.0381315757834244,0.17495275182514,-0.00853871508622764,0.0286427457613241,0.037172369517674,76,L,inferior frontal cortex,iFC
47l_R,0.185773118769406,0.0227286132812665,0.874680881437659,0.0492722484754172,0.0343771095773367,-0.0149204116506254,256,R,inferior frontal cortex,iFC
47m_L,0.830759405662772,0.843707905324934,0.830759405662772,-0.00593261331044214,0.000943859954909431,0.00687643476036914,66,L,orbital and polar frontal cortex,oFC and pFC
47m_R,0.671522532970055,0.256987626414894,0.256987626414894,-0.0113870753605274,0.0197022492350331,0.0310823512390768,246,R,orbital and polar frontal cortex,oFC and pFC
47s_L,0.685980614144526,0.23460860691862,0.685980614144526,0.011472723943111,0.0240766331274107,0.01260739165558,94,L,orbital and polar frontal cortex,oFC and pFC
47s_R,0.567157610056228,0.0454059259908704,0.567157610056228,0.0153209117793364,0.0318758004374497,0.0165629774585689,274,R,orbital and polar frontal cortex,oFC and pFC
52_L,0.441767725280906,0.441767725280906,0.812970469384972,0.0331751623744271,0.0238715653574779,-0.0093109707756077,103,L,insular and frontal opercular cortex,insular and FO
52_R,0.484308188555268,0.484308188555268,0.700552445758817,0.0266911972806216,0.0140070379536709,-0.0126889032588612,283,R,insular and frontal opercular cortex,insular and FO
55b_L,0.364276025653958,0.000718834286271175,0.685980614144526,0.0408287348874655,0.0523275123703933,0.0115233968299563,12,L,premotor cortex,PM
55b_R,0.0261768970338743,0.000159541931708418,0.744902481126058,0.0530286458343682,0.0537769021961156,0.000750396279048278,192,R,premotor cortex,PM
5L_L,0.820630276827995,0.0523537940677486,0.346467651454907,0.0109266087555798,0.0355324994637961,0.0246154476488675,39,L,paracentral lobular and mid cingulate cortex,PL and mid cing.
5L_R,0.898037644332092,0.898037644332092,0.898037644332092,0.00651656706484648,0.0180688894777825,0.0115536828259305,219,R,paracentral lobular and mid cingulate cortex,PL and mid cing.
5m_L,0.4011373299121,0.0309399244771829,0.0309399244771829,-0.0175679274312019,0.0371337400490032,0.0546660054090947,36,L,paracentral lobular and mid cingulate cortex,PL and mid cing.
5m_R,0.960693931667582,0.0370230882752942,0.441767725280906,0.00668683622600757,0.0303378743167094,0.023655837017814,216,R,paracentral lobular and mid cingulate cortex,PL and mid cing.
5mv_L,0.976410360440696,0.0832138709449275,0.401762577305952,0.00990449244447449,0.0274470165843589,0.017547294350242,37,L,paracentral lobular and mid cingulate cortex,PL and mid cing.
5mv_R,0.921481471832507,0.0234532496057156,0.119901588887752,0.00348134956045621,0.0337581006632153,0.0302803097582799,217,R,paracentral lobular and mid cingulate cortex,PL and mid cing.
6a_L,0.334938163090603,0.334938163090603,0.441188560378528,0.0510954106850403,0.0152365511608054,-0.0358867980366905,96,L,premotor cortex,PM
6a_R,0.0552301939545359,0.0552301939545359,0.614918167074023,0.0658949615475178,0.0312027395533165,-0.0347636997527842,276,R,premotor cortex,PM
6d_L,0.421448898121099,0.0206713194779091,0.952840962910774,0.0271205242996905,0.0370451011282149,0.00993455790564652,54,L,premotor cortex,PM
6d_R,0.145392666245813,0.194346952905477,0.0291179509027551,-0.0388175361058161,0.0192762263870927,0.0580503260105904,234,R,premotor cortex,PM
6ma_L,0.00880250989403031,0.913658411817487,0.00880250989403031,0.0871671300233078,0.00207787043866468,-0.0851046739136214,44,L,paracentral lobular and mid cingulate cortex,PL and mid cing.
6ma_R,0.0291179509027551,0.0552301939545359,0.0949107513019598,0.0730768781989206,0.0294958855092635,-0.0436751330077404,224,R,paracentral lobular and mid cingulate cortex,PL and mid cing.
6mp_L,0.685980614144526,0.255938692052357,0.685980614144526,0.0240818308136059,0.0253739083675372,0.00129286756087205,55,L,paracentral lobular and mid cingulate cortex,PL and mid cing.
6mp_R,1,1,1,0.000404358791048862,0.00297381556861223,0.00256945986730922,235,R,paracentral lobular and mid cingulate cortex,PL and mid cing.
6r_L,0.890241407108224,0.401976503182038,0.840719690341917,0.011434449302632,0.0229443692558308,0.011512940444816,78,L,premotor cortex,PM
6r_R,0.477041839164578,0.0690226152406339,0.744902481126058,0.0309661351995316,0.0352596471740877,0.0042982049911731,258,R,premotor cortex,PM
6v_L,0.477237472374249,0.00155466203359467,0.296714228910537,0.0146920900433587,0.0488052057911312,0.0341375941259605,56,L,premotor cortex,PM
6v_R,0.594236303924014,0.00131553065288159,0.127969346026179,0.0186009735732293,0.0569318314687351,0.0383714928264824,236,R,premotor cortex,PM
7AL_L,0.882455576709728,0.882455576709728,0.882455576709728,0.0206290504864051,0.0144869097993945,-0.00614397682181757,42,L,superior parietal cortex,sP
7AL_R,0.642965967726678,0.642965967726678,0.642965967726678,0.0429590571426622,0.0142582564447268,-0.0287183913229831,222,R,superior parietal cortex,sP
7Am_L,0.984272323561246,0.451118049695328,0.715856208561373,5.51960151280609e-05,0.0185621678232417,0.0185069907695934,45,L,superior parietal cortex,sP
7Am_R,0.707879541796597,0.707879541796597,0.707879541796597,0.0108931476478033,0.0140147615679124,0.00312209055364827,225,R,superior parietal cortex,sP
7m_L,0.189491539281253,0.189491539281253,0.678737063263331,0.0439701631111398,0.0269631105731,-0.0170272395628009,30,L,posterior cingulate cortex,pCC
7m_R,0.200988251591019,0.116139045630799,0.707879541796597,0.0464811157600516,0.0272187553418245,-0.0192867612207533,210,R,posterior cingulate cortex,pCC
7PC_L,0.587412423440188,0.00332613550827787,0.358271068342701,0.0170535497475098,0.0396763357261029,0.0226381034256744,47,L,superior parietal cortex,sP
7PC_R,1,0.151885754224029,0.820856199346015,0.0050281412698559,0.0226008868004053,0.0175747427322513,227,R,superior parietal cortex,sP
7PL_L,0.722613077833614,0.722613077833614,0.722613077833614,0.0229318041001175,0.00188222433907791,-0.0210504883590546,46,L,superior parietal cortex,sP
7PL_R,0.679547203605322,0.148301207456662,0.790098960861137,0.022113842002992,0.0267348202890349,0.00462371186884971,226,R,superior parietal cortex,sP
7Pm_L,0.759880789519013,0.681337553439676,0.759880789519013,0.0176971515419342,0.0110777442435393,-0.00662070525136882,29,L,superior parietal cortex,sP
7Pm_R,0.671522532970055,0.671522532970055,0.671522532970055,0.0330294039098638,0.00473500078593187,-0.0282988288981516,209,R,superior parietal cortex,sP
8Ad_L,0.238656671768938,0.00101923004924487,0.693252604522478,0.0564189267395149,0.0429034418409487,-0.0135482794049775,68,L,dorsolateral prefrontal cortex,dlPFC
8Ad_R,0.0689814901748278,0.063603535862665,0.812970469384972,0.0526984049232054,0.034153352809318,-0.0185784901861535,248,R,dorsolateral prefrontal cortex,dlPFC
8Av_L,0.271399958313216,0.0220237128856873,0.859167793827094,0.0398688471387874,0.0387825244086018,-0.00108800501936325,67,L,dorsolateral prefrontal cortex,dlPFC
8Av_R,0.628876339879369,0.0854297529088832,0.628876339879369,0.022939916860554,0.0291739837226696,0.00623824179771014,247,R,dorsolateral prefrontal cortex,dlPFC
8BL_L,0.0759428771120146,0.0508954175248704,0.390100664815137,0.049926080104124,0.0259450117647826,-0.0240121720919066,70,L,dorsolateral prefrontal cortex,dlPFC
8BL_R,0.0136944232702625,0.00486070010881079,0.5212176151805,0.0700651004953118,0.0465528256524328,-0.0235892164603225,250,R,dorsolateral prefrontal cortex,dlPFC
8BM_L,0.0641136817880348,0.0641136817880348,0.280965932080733,0.0702371159747785,0.0260712004029065,-0.04424693905902,63,L,anterior cingulate and medial prefrontal cortex,aCC and mPFC
8BM_R,0.00209168218072975,0.00115875936906562,0.332701480638981,0.094437108547474,0.0503458222291672,-0.0443019204137702,243,R,anterior cingulate and medial prefrontal cortex,aCC and mPFC
8C_L,0.20894185321877,0.0748299042307714,0.441188560378528,0.0494099823590652,0.0290187960903519,-0.0204204655038645,73,L,dorsolateral prefrontal cortex,dlPFC
8C_R,0.462720645697724,0.00468269564897739,0.607989661165867,0.0341463464682405,0.0422634908632772,0.00812887553137689,253,R,dorsolateral prefrontal cortex,dlPFC
9-46d_L,0.00198816658670253,0.0307928491704672,0.00533711960913586,0.08458046470425,0.0265315732016187,-0.0581794492581019,86,L,dorsolateral prefrontal cortex,dlPFC
9-46d_R,0.178504199443289,0.00752513833375446,0.722613077833614,0.0558011592759599,0.0367626433028415,-0.019077651832113,266,R,dorsolateral prefrontal cortex,dlPFC
9a_L,0.370350074047249,0.0618798489543657,0.621880562471883,0.0255387176831912,0.0313145990020183,0.00578050418862923,87,L,dorsolateral prefrontal cortex,dlPFC
9a_R,0.395340604932352,0.137962980349656,0.976410360440696,0.0271930300393989,0.0251731470937919,-0.0020212665715916,267,R,dorsolateral prefrontal cortex,dlPFC
9m_L,0.0958973938203141,0.000346350259331274,0.843707905324934,0.0504743868601308,0.0359624206985553,-0.0145383559109556,69,L,anterior cingulate and medial prefrontal cortex,aCC and mPFC
9m_R,0.874680881437659,0.219562251944982,0.874680881437659,0.0119749009837309,0.0210808817275438,0.00910828005143041,249,R,anterior cingulate and medial prefrontal cortex,aCC and mPFC
9p_L,0.401762577305952,0.00115875936906562,0.483395709524977,0.0360409327965113,0.0493098723755333,0.0132925627732709,71,L,dorsolateral prefrontal cortex,dlPFC
9p_R,0.250467189751969,0.323680772049416,0.337686529201072,0.0506376859970677,0.019283988246903,-0.0313843444539849,251,R,dorsolateral prefrontal cortex,dlPFC
A1_L,0.281329901983478,0.0480832156963445,0.890241407108224,0.0503628072348051,0.0355407598568719,-0.0148486254142166,24,L,early auditory cortex,early aud.
A1_R,0.944992487568961,0.0370230882752942,0.421448898121099,0.0187859510484888,0.0317783728206377,0.0130001827116561,204,R,early auditory cortex,early aud.
a10p_L,0.587412423440188,0.455665829300054,0.455665829300054,-0.0125088118822653,0.0159735213205852,0.0284766432912101,89,L,orbital and polar frontal cortex,oFC and pFC
a10p_R,0.165131274462333,0.0748299042307714,0.148469452650742,-0.0178528385431451,0.019700354692886,0.0375399901492716,269,R,orbital and polar frontal cortex,oFC and pFC
a24_L,0.772217680552528,0.179018118255062,0.866918046503692,0.0311410988561143,0.025785610702165,-0.00535979202541769,61,L,anterior cingulate and medial prefrontal cortex,aCC and mPFC
a24_R,0.376493393429522,0.00962465345302732,0.573872618298729,0.0325580629001033,0.0377716069599178,0.00521996341607903,241,R,anterior cingulate and medial prefrontal cortex,aCC and mPFC
a24pr_L,0.921481471832507,0.842897796242198,0.921481471832507,0.00807356649821609,0.00917947727964398,0.0011059927477894,59,L,anterior cingulate and medial prefrontal cortex,aCC and mPFC
a24pr_R,0.281329901983478,0.174916414782384,0.502121699727265,0.0482363770088978,0.0192613961722263,-0.0290019265256634,239,R,anterior cingulate and medial prefrontal cortex,aCC and mPFC
a32pr_L,0.835999695141812,0.835999695141812,0.835999695141812,0.0316883444742575,0.00788824036235866,-0.0238060547990023,179,L,anterior cingulate and medial prefrontal cortex,aCC and mPFC
a32pr_R,0.19326655957806,0.107709183254194,0.373889623041155,0.0556733293907075,0.0242112009305467,-0.0315045940747747,359,R,anterior cingulate and medial prefrontal cortex,aCC and mPFC
A4_L,0.553839603775181,0.0810467734354212,0.127969346026179,-0.0110485852976839,0.0285168331569154,0.0395529564783562,175,L,auditory association cortex,aud. assoc.
A4_R,0.322872125703512,0.00700589733403234,0.0136944232702625,-0.00653467314063153,0.0448934280502891,0.0514130184684188,355,R,auditory association cortex,aud. assoc.
a47r_L,0.843707905324934,0.0523537940677486,0.401762577305952,0.00940226788846376,0.0310242774113705,0.0216283184724175,77,L,orbital and polar frontal cortex,oFC and pFC
a47r_R,0.905843557195151,0.576976464039765,0.576976464039765,-0.00462872768793616,0.014680630866978,0.0193080465221301,257,R,orbital and polar frontal cortex,oFC and pFC
A5_L,0.737448301351197,0.137962980349656,0.737448301351197,0.0168344911026175,0.0219343453061337,0.0051017380383516,125,L,auditory association cortex,aud. assoc.
A5_R,0.347797114906555,0.0438476298050858,0.0438476298050858,-0.0263224990943359,0.0335862519501569,0.0598558340526785,305,R,auditory association cortex,aud. assoc.
a9-46v_L,0.200988251591019,0.200988251591019,0.435333040196156,0.0488762786463135,0.0227127978944147,-0.0261925575563298,85,L,dorsolateral prefrontal cortex,dlPFC
a9-46v_R,0.534149002417831,0.000549431761378116,0.276332524831831,0.0179543052829046,0.0456013028588779,0.0276696518187574,265,R,dorsolateral prefrontal cortex,dlPFC
AAIC_L,0.984272323561246,0.984272323561246,0.984272323561246,0.0180075116973794,0.0031680758649135,-0.0148402824581617,112,L,insular and frontal opercular cortex,insular and FO
AAIC_R,0.508446362623385,0.484308188555268,0.484308188555268,-0.0114114797850506,0.00799776971691428,0.0194074782515354,292,R,insular and frontal opercular cortex,insular and FO
AIP_L,0.0103356597389546,0.00962465345302732,0.289949590005577,0.11024107750681,0.0414781198346576,-0.0690788270069666,117,L,superior parietal cortex,sP
AIP_R,0.453031469070215,0.00836871095637904,0.453031469070215,0.0351968001797648,0.0427664669760519,0.00758107815954656,297,R,superior parietal cortex,sP
AVI_L,0.20894185321877,0.0467280391762017,0.671522532970055,0.0508674683276726,0.0280615833094242,-0.0228384851675767,111,L,insular and frontal opercular cortex,insular and FO
AVI_R,0.373889623041155,0.00296014630200858,0.373889623041155,0.0456421634433419,0.0396411475590873,-0.0060118932492182,291,R,insular and frontal opercular cortex,insular and FO
d23ab_L,0.110460387909072,0.171325084276596,0.171325084276596,0.068247004467879,0.0183700010676367,-0.0499396125699164,34,L,posterior cingulate cortex,pCC
d23ab_R,0.693252604522478,0.382706152330751,0.382706152330751,0.0129762855608348,-0.0139310658698514,-0.026902488174039,214,R,posterior cingulate cortex,pCC
d32_L,0.791495219163716,0.513975252829788,0.812970469384972,0.0256470581621731,0.0220275740781253,-0.00362153004018682,62,L,anterior cingulate and medial prefrontal cortex,aCC and mPFC
d32_R,0.185773118769406,0.00962465345302732,0.929311998594734,0.0452112839677961,0.0358409625824508,-0.00938552984748729,242,R,anterior cingulate and medial prefrontal cortex,aCC and mPFC
DVT_L,0.334938163090603,0.107709183254194,0.678737063263331,0.0416240927369704,0.0259066160841008,-0.0157344437233223,142,L,posterior cingulate cortex,pCC
DVT_R,0.521695672359833,0.38653311915612,0.782513374731455,0.0291236037268002,0.0194032866281887,-0.00972581309364464,322,R,posterior cingulate cortex,pCC
EC_L,0.671522532970055,0.671522532970055,0.671522532970055,-0.00492658142829136,0.00954134639140547,0.0144672477690664,118,L,medial temporal cortex,mT
EC_R,0.734394060249004,0.790098960861137,0.734394060249004,-0.0179552117749674,0.00837845435617615,0.0263297051713322,298,R,medial temporal cortex,mT
FEF_L,0.527663479442477,0.000194510832145056,0.527663479442477,0.043656893895065,0.046696063446727,0.00304537787448937,10,L,premotor cortex,PM
FEF_R,0.527663479442477,0.00296014630200858,0.499052220958472,0.0218304496218907,0.0469337850303678,0.0251290823050937,190,R,premotor cortex,PM
FFC_L,0.573872618298729,0.011429440448687,0.573872618298729,0.026901323465453,0.0282505283507802,0.00135023102931581,18,L,ventral stream visual cortex,v vis.
FFC_R,0.734394060249004,0.113270035105167,0.874680881437659,0.0236404888428456,0.0234305456167944,-0.000210059580059099,198,R,ventral stream visual cortex,v vis.
FOP1_L,0.499052220958472,0.0748299042307714,0.992135786718009,0.0326822829092183,0.0261543274840477,-0.00653354018510087,113,L,posterior opercular cortex,pOperc
FOP1_R,0.76740362427525,0.011429440448687,0.593394252830127,0.0230389953717507,0.0352230598474472,0.0121939599218857,293,R,posterior opercular cortex,pOperc
FOP2_L,0.364276025653958,0.099797118233365,0.859167793827094,0.0263881616759347,0.0286522709794171,0.00226582244823881,115,L,insular and frontal opercular cortex,insular and FO
FOP2_R,0.486291353813915,0.992135786718009,0.521695672359833,0.0514300289692583,0.0121030883510565,-0.0393514353986437,295,R,insular and frontal opercular cortex,insular and FO
FOP3_L,0.506529793801608,0.0381315757834244,0.913658411817487,0.0382894870258394,0.0373153609722728,-0.000975519862718279,114,L,insular and frontal opercular cortex,insular and FO
FOP3_R,0.685980614144526,0.00752513833375446,0.685980614144526,0.0263395439147106,0.0334815975324435,0.00714835768295098,294,R,insular and frontal opercular cortex,insular and FO
FOP4_L,0.034511307620317,0.00929583780878929,0.133992167727346,0.0841424990082396,0.0284453160175931,-0.0558308118040601,108,L,insular and frontal opercular cortex,insular and FO
FOP4_R,0.19326655957806,2.91555089724227e-05,0.929311998594734,0.0641590997237712,0.0459803442024858,-0.018232542570038,288,R,insular and frontal opercular cortex,insular and FO
FOP5_L,0.421448898121099,0.0789276280228428,0.913658411817487,0.0379542546816123,0.0350089804840543,-0.00294919290743825,169,L,insular and frontal opercular cortex,insular and FO
FOP5_R,0.707879541796597,0.00486070010881079,0.261727866669187,0.0332787870626319,0.0401575889895503,0.00688800703094959,349,R,insular and frontal opercular cortex,insular and FO
FST_L,0.42375505603421,0.42375505603421,0.42375505603421,0.0404384225248311,0.0128912144492452,-0.0275615759355051,157,L,MT+ complex and neighbors,MT+
FST_R,0.0450056195900164,0.0450056195900164,0.255137434887168,0.0749298931820772,0.0331170926908892,-0.0419168154010638,337,R,MT+ complex and neighbors,MT+
H_L,0.163068649465959,0.358094570418182,0.252310766936434,0.0585840767910458,0.0162397997790904,-0.0423846014537947,120,L,medial temporal cortex,mT
H_R,0.428151462259578,0.428151462259578,0.642965967726678,0.0321047164682331,0.02069489882207,-0.0114174034130507,300,R,medial temporal cortex,mT
i6-8_L,0.19326655957806,0.141340802216796,0.534149002417831,0.0634631721693781,0.0189018758239101,-0.0446148150730178,97,L,dorsolateral prefrontal cortex,dlPFC
i6-8_R,0.189491539281253,0.189491539281253,0.27654441392977,0.0638791605698253,0.0133884273647917,-0.0505339519379614,277,R,dorsolateral prefrontal cortex,dlPFC
IFJa_L,0.0181839932651471,0.028473158410673,0.103183856167536,0.0815990097481352,0.0365452018837607,-0.0451885625204838,79,L,inferior frontal cortex,iFC
IFJa_R,0.593394252830127,0.329249373704361,1,0.0406818560307882,0.0229622606591998,-0.0177361635623519,259,R,inferior frontal cortex,iFC
IFJp_L,0.0416314722705025,0.0871681879717166,0.0871681879717166,0.0724295960284069,0.0197079218977758,-0.0527970385675546,80,L,inferior frontal cortex,iFC
IFJp_R,0.737448301351197,0.144786551497869,0.688527528262426,0.0194819344636028,0.0239171841538992,0.00443731727165426,260,R,inferior frontal cortex,iFC
IFSa_L,0.421448898121099,0.421448898121099,0.42375505603421,0.0422546593422187,0.00820828336840224,-0.0340581886552615,82,L,inferior frontal cortex,iFC
IFSa_R,0.805328189287153,0.0653680525613929,0.112244588198813,-0.00579542006286797,0.0350531321848537,0.040840255646761,262,R,inferior frontal cortex,iFC
IFSp_L,0.0796342399244949,0.00836871095637904,0.379247249595782,0.0664082413686109,0.0273241248348008,-0.0391551654247896,81,L,inferior frontal cortex,iFC
IFSp_R,0.573872618298729,0.0206713194779091,0.544969755691135,0.0192956785800322,0.0383971442416955,0.0191156284107517,261,R,inferior frontal cortex,iFC
Ig_L,0.0498985591166825,0.0139881561500417,0.459018352174951,0.0747650304248891,0.0441271402717034,-0.0307393042509115,168,L,insular and frontal opercular cortex,insular and FO
Ig_R,0.984272323561246,0.765412304661503,0.984272323561246,0.0102503449293361,0.0120172091605901,0.00176708190135507,348,R,insular and frontal opercular cortex,insular and FO
IP0_L,0.0723932757489347,0.0538479363974709,0.607989661165867,0.0602325244473906,0.0312228475329667,-0.0290643362039719,146,L,inferior parietal cortex,iP
IP0_R,0.102378452146663,0.165131274462333,0.165131274462333,0.0829553366784401,0.0196600117969813,-0.0633987220409471,326,R,inferior parietal cortex,iP
IP1_L,0.00111042205472245,0.194346952905477,0.00179618416729532,0.154667103616156,0.0138362771202851,-0.14113285318783,145,L,inferior parietal cortex,iP
IP1_R,0.521695672359833,0.442629793066516,0.866918046503692,0.0391267759797982,0.0189668149458706,-0.0201749330599453,325,R,inferior parietal cortex,iP
IP2_L,0.027388846540525,0.429521796251873,0.0595341734191593,0.0879274988633756,0.0111807399842167,-0.0768222824426789,144,L,inferior parietal cortex,iP
IP2_R,0.010011472868305,0.0018327757339307,0.447088119223633,0.0829861063603267,0.0497598444714709,-0.0333640345237998,324,R,inferior parietal cortex,iP
IPS1_L,0.0461892737557008,0.976410360440696,0.0461892737557008,0.0822390156305346,-0.00312924922399436,-0.0853463012931994,17,L,dorsal stream visual cortex,d vis.
IPS1_R,0.213006742352691,0.259325671827153,0.213006742352691,0.0648625952777784,0.0124871566241644,-0.0524178944950906,197,R,dorsal stream visual cortex,d vis.
LBelt_L,0.568870874393673,0.0126514586952489,0.77494803999209,0.0439605968246929,0.0394275233641642,-0.00454094408573359,174,L,early auditory cortex,early aud.
LBelt_R,0.395340604932352,0.105015507072331,0.992135786718009,0.032919840111458,0.0228642934001797,-0.0100631211106665,354,R,early auditory cortex,early aud.
LIPd_L,0.00271593104743495,0.594236303924014,0.00271593104743495,0.108488371679706,0.00279622527543957,-0.105724218684078,95,L,superior parietal cortex,sP
LIPd_R,0.469845984669979,0.0404351618756387,0.952840962910774,0.0369619033068362,0.0276587735103324,-0.00931265031366631,275,R,superior parietal cortex,sP
LIPv_L,0.567157610056228,0.209968823413846,0.567157610056228,0.0145977465682589,0.0181294485149704,0.00353263685585775,48,L,superior parietal cortex,sP
LIPv_R,0.0777705903016575,0.0653680525613929,0.514811787035019,0.0558521178100258,0.0367866759878548,-0.0191046945905787,228,R,superior parietal cortex,sP
LO1_L,0.898037644332092,0.322578270428586,0.898037644332092,0.0162329731206394,0.015235357910455,-0.000997861996579155,20,L,MT+ complex and neighbors,MT+
LO1_R,0.376493393429522,0.376493393429522,0.693252604522478,0.036364919600391,0.0163940864905076,-0.0199827462164445,200,R,MT+ complex and neighbors,MT+
LO2_L,0.688527528262426,0.688527528262426,0.715233289306152,0.0288258352865792,0.0120270353397165,-0.0168046259315306,21,L,MT+ complex and neighbors,MT+
LO2_R,0.00387771204241005,0.144753963537905,0.0061159045365784,0.104333204437096,0.0140869972094637,-0.0903790410604096,201,R,MT+ complex and neighbors,MT+
LO3_L,0.0741506037283308,0.0130838460785974,0.759880789519013,0.047509346277163,0.0323149865298796,-0.0152177229677676,159,L,MT+ complex and neighbors,MT+
LO3_R,0.614918167074023,0.0508954175248704,0.614918167074023,0.017569412626379,0.0317577878141609,0.014196296233838,339,R,MT+ complex and neighbors,MT+
MBelt_L,0.859167793827094,0.850736415084342,0.850736415084342,-0.00828709367348643,0.00962753314029267,0.0179131976224017,173,L,early auditory cortex,early aud.
MBelt_R,0.882455576709728,0.000785165290544399,0.119901588887752,0.0110383996809675,0.046218236181603,0.0351977935477539,353,R,early auditory cortex,early aud.
MI_L,0.421448898121099,0.00359236833459065,0.642965967726678,0.0336639785470436,0.0412151820789379,0.00756169513439758,109,L,insular and frontal opercular cortex,insular and FO
MI_R,0.16462468685218,0.0041833643614595,0.874680881437659,0.0538363869983554,0.0424648381670688,-0.0113976055065669,289,R,insular and frontal opercular cortex,insular and FO
MIP_L,0.00153893793274129,0.75238019179298,0.00153893793274129,0.134542246667849,0.00210536405169928,-0.132474407371039,50,L,superior parietal cortex,sP
MIP_R,0.0099638054822826,0.0335870784524151,0.0639315958802094,0.109909746552908,0.0329127781360443,-0.0772765111810696,230,R,superior parietal cortex,sP
MST_L,0.364276025653958,0.296938905301484,0.75238019179298,0.0316317996638753,0.0217919798565186,-0.00984660726615878,2,L,MT+ complex and neighbors,MT+
MST_R,0.828306918120316,0.828306918120316,0.828306918120316,0.0353655615254959,0.0205746175886299,-0.0148017141511208,182,R,MT+ complex and neighbors,MT+
MT_L,0.346467651454907,0.346467651454907,0.828306918120316,0.0374571467270743,0.0165695478104569,-0.0209005708137478,23,L,MT+ complex and neighbors,MT+
MT_R,0.929311998594734,0.58304085871643,0.929311998594734,0.0144216846398011,0.0204434461812538,0.00602353745457803,203,R,MT+ complex and neighbors,MT+
OFC_L,0.234229498638406,0.0220237128856873,0.913658411817487,0.0471727666863774,0.0321324806539939,-0.0150631183760242,93,L,orbital and polar frontal cortex,oFC and pFC
OFC_R,0.671522532970055,0.0154485931542681,0.340668776719838,0.00975149303617001,0.0378930194635375,0.0281519289455979,273,R,orbital and polar frontal cortex,oFC and pFC
OP1_L,0.171456006756825,0.0086681305944758,1,0.0405227706897201,0.0357099584590782,-0.00481978678242935,101,L,posterior opercular cortex,pOperc
OP1_R,0.418033036960942,0.104984411706923,0.104984411706923,-0.0166571419482317,0.0234794553538257,0.0401209059908214,281,R,posterior opercular cortex,pOperc
OP2-3_L,0.280965932080733,0.0438476298050858,0.0106742392182717,-0.00991568468208688,0.028060182524961,0.0379653038957129,102,L,posterior opercular cortex,pOperc
OP2-3_R,0.434924385008365,0.434924385008365,0.851430841847471,0.0371064237466728,0.022908753159038,-0.0142097497545412,282,R,posterior opercular cortex,pOperc
OP4_L,0.104984411706923,1.54460846353288e-05,0.905843557195151,0.0655769236516613,0.0716934520160363,0.006145420666511,100,L,posterior opercular cortex,pOperc
OP4_R,0.429521796251873,0.0144607565390196,0.0741506037283308,0.00118571643138474,0.0405838469796936,0.0394000265143927,280,R,posterior opercular cortex,pOperc
p10p_L,0.107361239117497,0.000628920327102378,0.5212176151805,0.0378315465079853,0.0472733954265154,0.00945876521693392,170,L,orbital and polar frontal cortex,oFC and pFC
p10p_R,0.318153495461418,0.267165832313125,0.937149251374702,0.0340764928992446,0.0192797743915523,-0.0148064461517391,350,R,orbital and polar frontal cortex,oFC and pFC
p24_L,0.678737063263331,0.678737063263331,0.678737063263331,0.0288935348451001,0.00878719338298212,-0.0201114476194611,180,L,anterior cingulate and medial prefrontal cortex,aCC and mPFC
p24_R,0.303193982083663,0.322872125703512,0.322872125703512,0.0449383304584526,0.0170090703176723,-0.027950624458366,360,R,anterior cingulate and medial prefrontal cortex,aCC and mPFC
p24pr_L,0.913658411817487,0.913658411817487,0.913658411817487,0.00952456163778711,-0.00282448624998829,-0.0123487156827078,57,L,anterior cingulate and medial prefrontal cortex,aCC and mPFC
p24pr_R,0.921481471832507,0.811010695437949,0.811010695437949,-0.00150171899363725,0.0121514499424276,0.0136529197967218,237,R,anterior cingulate and medial prefrontal cortex,aCC and mPFC
p32_L,0.976410360440696,0.196214266475469,0.414816620894655,0.00150354084827399,0.0180581257588566,0.0165550343984691,64,L,anterior cingulate and medial prefrontal cortex,aCC and mPFC
p32_R,0.851430841847471,0.144786551497869,0.401762577305952,-0.00276356737994973,0.0180826660250354,0.0208451917151825,244,R,anterior cingulate and medial prefrontal cortex,aCC and mPFC
p32pr_L,0.469845984669979,0.502121699727265,0.469845984669979,0.0628286437519832,0.00936649693450199,-0.0534936269770592,60,L,anterior cingulate and medial prefrontal cortex,aCC and mPFC
p32pr_R,0.0103356597389546,0.000895221768992372,0.150372683231776,0.0839090346212521,0.0368715666832243,-0.0471834468018756,240,R,anterior cingulate and medial prefrontal cortex,aCC and mPFC
p47r_L,0.229863753234715,0.209968823413846,0.952840962910774,0.0467443237785831,0.0303416679249843,-0.0164259527947584,171,L,inferior frontal cortex,iFC
p47r_R,0.428151462259578,0.00175929902182404,0.678737063263331,0.0293406206963763,0.0379175521095362,0.00858648408719761,351,R,inferior frontal cortex,iFC
p9-46v_L,0.00552304812111437,0.00131553065288159,0.441188560378528,0.0816934248059546,0.0511188194017591,-0.0307028225843787,83,L,dorsolateral prefrontal cortex,dlPFC
p9-46v_R,0.401762577305952,0.0054318620948699,0.607989661165867,0.041920363783454,0.0491234906518646,0.00721799069329705,263,R,dorsolateral prefrontal cortex,dlPFC
PBelt_L,0.527663479442477,0.247696911693499,0.247696911693499,-0.00181783886331637,0.0227211902468679,0.0245380156051731,124,L,early auditory cortex,early aud.
PBelt_R,0.722613077833614,0.0106742392182717,0.0625557813486353,0.00823122839504963,0.0489661904460057,0.0407513869747897,304,R,early auditory cortex,early aud.
PCV_L,0.0150088529364343,0.0150088529364343,0.299121019380191,0.0745310078485495,0.0355818661657863,-0.0390527076023252,27,L,posterior cingulate cortex,pCC
PCV_R,0.401762577305952,0.371546237538812,0.707879541796597,0.0267566201774932,0.0162536829883752,-0.0105075068368266,207,R,posterior cingulate cortex,pCC
PeEc_L,0.790098960861137,0.0086681305944758,0.291520429358215,0.0132023266859743,0.0426294907958644,0.0294437352933232,122,L,medial temporal cortex,mT
PeEc_R,0.890241407108224,0.417883706437539,0.860808927448094,-0.000757202407983227,0.0178574183666927,0.0186143690771304,302,R,medial temporal cortex,mT
PEF_L,0.0815343247329796,0.0815343247329796,0.201316091583365,0.0828618910498012,0.0284001197385436,-0.054590237842559,11,L,premotor cortex,PM
PEF_R,0.533063713615793,0.560479793561278,0.560479793561278,0.0408801155188612,0.017699000009954,-0.023197900051744,191,R,premotor cortex,PM
PF_L,0.567157610056228,0.426013484705383,0.567157610056228,0.0329075937562429,0.0181694474829731,-0.0147469636715593,148,L,inferior parietal cortex,iP
PF_R,0.0796342399244949,0.0796342399244949,0.30377721953337,0.0600736586452232,0.028516971570366,-0.0316108401999843,328,R,inferior parietal cortex,iP
PFcm_L,0.75238019179298,0.0106742392182717,0.75238019179298,0.0257251911895291,0.0308112232848433,0.00509006660737265,105,L,posterior opercular cortex,pOperc
PFcm_R,0.797704125217873,0.205300256357756,0.753182549590898,0.00639186553336553,0.01912305083344,0.0127327416481635,285,R,posterior opercular cortex,pOperc
PFm_L,0.534149002417831,0.534149002417831,0.534149002417831,0.0250380409061471,0.00594334028275643,-0.0190975425209992,149,L,inferior parietal cortex,iP
PFm_R,0.811010695437949,0.239803177775503,0.984272323561246,0.0298225135195477,0.0246863171844713,-0.00513998042993256,329,R,inferior parietal cortex,iP
PFop_L,0.459018352174951,3.16521560961292e-07,0.0511892260733316,0.0156847891062721,0.0630028169819695,0.047364833135838,147,L,inferior parietal cortex,iP
PFop_R,0.730018289938958,0.0553785419379374,0.093728142551397,0.000335264239829801,0.0342602398345168,0.0339253652693461,327,R,inferior parietal cortex,iP
PFt_L,0.706682455143266,0.309551568502609,0.984272323561246,0.0304274115847843,0.0232558711324034,-0.00717661874236122,116,L,inferior parietal cortex,iP
PFt_R,0.100357873487175,0.100357873487175,0.412355946386494,0.0469793147390931,0.0258406733473634,-0.0211643344095954,296,R,inferior parietal cortex,iP
PGi_L,0.568870874393673,0.00726136134331768,0.671522532970055,0.0372604493658192,0.0371228840567916,-0.000137755855039741,150,L,inferior parietal cortex,iP
PGi_R,0.678737063263331,0.678737063263331,0.678737063263331,0.0059242143168612,0.00458081778328898,-0.00134343299131591,330,R,inferior parietal cortex,iP
PGp_L,0.0179713388326146,0.0130838460785974,0.242850683769305,0.0635863007845163,0.0325986830437746,-0.0310519832127083,143,L,inferior parietal cortex,iP
PGp_R,0.122058872507264,0.272169697489584,0.247696911693499,0.0699879161333381,0.0141401790272521,-0.0559030611044928,323,R,inferior parietal cortex,iP
PGs_L,0.628876339879369,0.628876339879369,0.628876339879369,0.0168033851032781,-0.0105137464963857,-0.0273123064292263,151,L,inferior parietal cortex,iP
PGs_R,0.992135786718009,0.992135786718009,0.992135786718009,0.00928841199323288,0.0037348982658441,-0.00555370639253811,331,R,inferior parietal cortex,iP
PH_L,0.772217680552528,0.772217680552528,0.835999695141812,0.0202145341298898,0.0120758108717177,-0.0081407104616935,138,L,MT+ complex and neighbors,MT+
PH_R,0.791495219163716,0.843707905324934,0.791495219163716,-0.00888828226862705,0.00069177476850478,0.00957999813269878,318,R,MT+ complex and neighbors,MT+
PHA1_L,0.567157610056228,0.567157610056228,0.567157610056228,0.028690115179432,0.00953006114042589,-0.019165294185987,126,L,medial temporal cortex,mT
PHA1_R,0.968550646853224,0.968550646853224,0.968550646853224,0.0151681094239061,-0.00109255180889058,-0.0162603917664723,306,R,medial temporal cortex,mT
PHA2_L,0.276332524831831,0.141340802216796,0.730018289938958,0.0500266188072485,0.021128348429876,-0.0289288475858606,155,L,medial temporal cortex,mT
PHA2_R,0.921481471832507,0.921481471832507,0.921481471832507,0.017319159371515,0.0137583020209287,-0.00356170604182803,335,R,medial temporal cortex,mT
PHA3_L,0.529383783475167,0.529383783475167,0.671522532970055,0.0316893196705459,0.0191315017345693,-0.0125654359108597,127,L,medial temporal cortex,mT
PHA3_R,0.968550646853224,0.968550646853224,0.968550646853224,-0.00101011348881722,-0.00266272243797827,-0.00165261339411572,307,R,medial temporal cortex,mT
PHT_L,0.0854458048968248,0.0392687331242812,0.4011373299121,0.0583403546234882,0.0287376115234812,-0.0296524572963807,137,L,lateral temporal cortex,lT
PHT_R,0.921481471832507,0.921481471832507,0.921481471832507,0.00392873218827517,-0.00724339661232852,-0.011171810880299,317,R,lateral temporal cortex,lT
PI_L,0.812970469384972,0.15926847984899,0.576976464039765,0.00387456063497677,0.0240239364143967,0.0201512515022088,178,L,insular and frontal opercular cortex,insular and FO
PI_R,0.388988507740729,0.00373257790508319,0.976410360440696,0.0340526418934221,0.0322752046103631,-0.00177939293551382,358,R,insular and frontal opercular cortex,insular and FO
Pir_L,0.657182819946016,0.657182819946016,0.657182819946016,0.0207658529252517,0.00155196021820728,-0.0192145119480629,110,L,insular and frontal opercular cortex,insular and FO
Pir_R,0.285434308173052,0.238656671768938,0.238656671768938,-0.0110773771514483,0.0153389062132306,0.0264117956084106,290,R,insular and frontal opercular cortex,insular and FO
PIT_L,0.337686529201072,0.247696911693499,0.247696911693499,-0.0198621951989113,0.0212947931988313,0.0411395879425309,22,L,ventral stream visual cortex,v vis.
PIT_R,0.76740362427525,0.76740362427525,0.76740362427525,-0.00056294278080221,0.00113630970901512,0.0016992514028447,202,R,ventral stream visual cortex,v vis.
pOFC_L,0.707879541796597,0.707879541796597,0.707879541796597,-0.0175857797690688,0.00353577485862295,0.0211202413846422,166,L,orbital and polar frontal cortex,oFC and pFC
pOFC_R,0.352922522316778,0.352922522316778,0.23460860691862,-0.0189156731230726,0.0170960477437548,0.0360000790442365,346,R,orbital and polar frontal cortex,oFC and pFC
PoI1_L,0.585150997222705,0.296938905301484,0.984272323561246,0.0231345447192354,0.020636615706544,-0.00249912214035704,167,L,insular and frontal opercular cortex,insular and FO
PoI1_R,0.898037644332092,0.898037644332092,0.898037644332092,-0.00417976026888686,0.00230825132438605,0.00648794899794858,347,R,insular and frontal opercular cortex,insular and FO
PoI2_L,0.594236303924014,0.00675851784582094,0.401762577305952,0.0161516783362328,0.0457182832067093,0.02958845378377,106,L,insular and frontal opercular cortex,insular and FO
PoI2_R,0.898037644332092,0.562659803966955,0.898037644332092,0.0337829532470397,0.0183023982967408,-0.0154901326397431,286,R,insular and frontal opercular cortex,insular and FO
POS1_L,0.134652111684687,0.363313170460756,0.17495275182514,0.0642377374872449,0.010002387628131,-0.054270220144404,31,L,posterior cingulate cortex,pCC
POS1_R,0.238656671768938,0.0416314722705025,0.882455576709728,0.0288966086304962,0.0292018564171007,0.000305505582790615,211,R,posterior cingulate cortex,pCC
POS2_L,0.859167793827094,0.0618798489543657,0.388988507740729,0.0105995998044121,0.0349852655271249,0.0243947120092209,15,L,posterior cingulate cortex,pCC
POS2_R,0.642965967726678,0.00162032912750121,0.0759428771120146,0.00429036325218262,0.0455629592040383,0.0412806655643011,195,R,posterior cingulate cortex,pCC
PreS_L,0.477237472374249,0.477237472374249,0.477237472374249,0.0390734843155919,0.00873575797597781,-0.0303480852488832,119,L,medial temporal cortex,mT
PreS_R,0.678737063263331,0.678737063263331,0.678737063263331,-0.0137927888927134,0.00185595069264092,0.0156483390076537,299,R,medial temporal cortex,mT
ProS_L,0.851430841847471,0.851430841847471,0.851430841847471,0.0160244972359954,0.0117008982229861,-0.00432440984422807,121,L,posterior cingulate cortex,pCC
ProS_R,0.414816620894655,0.414816620894655,0.502121699727265,0.03300477702281,0.0109561495691578,-0.0220566032376997,301,R,posterior cingulate cortex,pCC
PSL_L,0.830759405662772,0.830759405662772,0.882455576709728,0.0303717262436393,0.0100565029390691,-0.0203214301471429,25,L,tempo-parieto-occipital junction,TPOJ
PSL_R,0.484308188555268,0.0416314722705025,0.722613077833614,0.0327074910339827,0.0313987303063496,-0.001310106172203,205,R,tempo-parieto-occipital junction,TPOJ
RI_L,0.229863753234715,0.0392687331242812,0.921481471832507,0.0352292552840314,0.0302051716349569,-0.00502943550007015,104,L,early auditory cortex,early aud.
RI_R,0.952840962910774,0.442629793066516,0.652999560294234,-0.00102889149170509,0.0200427088811592,0.0210711658480729,284,R,early auditory cortex,early aud.
RSC_L,0.00700589733403234,0.308480430465149,0.0124817888372135,0.0936987838390755,0.0146634207181469,-0.0791441027404921,14,L,posterior cingulate cortex,pCC
RSC_R,0.635904983181629,0.572784854336089,0.635904983181629,0.0268808319590688,0.0109116772239077,-0.015973840101461,194,R,posterior cingulate cortex,pCC
s32_L,0.992135786718009,0.992135786718009,0.992135786718009,0.0114824194804086,0.00839098514146502,-0.00309173222366799,165,L,anterior cingulate and medial prefrontal cortex,aCC and mPFC
s32_R,0.744902481126058,0.644282694377809,0.644282694377809,-0.00825976876530053,0.0132197487755498,0.0214771724039802,345,R,anterior cingulate and medial prefrontal cortex,aCC and mPFC
s6-8_L,0.0392687331242812,0.148469452650742,0.223292108727069,0.0664445130412532,0.0236153306804088,-0.042896491638264,98,L,dorsolateral prefrontal cortex,dlPFC
s6-8_R,0.00143054720143354,0.0109547022964343,0.0109547022964343,0.0940719811433277,0.0305042519834978,-0.0637506677839578,278,R,dorsolateral prefrontal cortex,dlPFC
SCEF_L,0.0120990408915134,0.0120990408915134,0.050628584741343,0.101230221192089,0.0288985750032992,-0.0725438666794043,43,L,paracentral lobular and mid cingulate cortex,PL and mid cing.
SCEF_R,0.382706152330751,0.0187797000521499,0.905843557195151,0.0460456858097421,0.0399913205493847,-0.00606553450410074,223,R,paracentral lobular and mid cingulate cortex,PL and mid cing.
SFL_L,0.0810467734354212,0.127969346026179,0.208462321333339,0.0541879041736221,0.0226157644074768,-0.0316108789259135,26,L,dorsolateral prefrontal cortex,dlPFC
SFL_R,0.346467651454907,0.183197735606299,0.76740362427525,0.0405613611335307,0.0254442724509064,-0.0151327064577527,206,R,dorsolateral prefrontal cortex,dlPFC
STGa_L,0.635904983181629,0.0292759879295428,0.0292759879295428,-0.000656824756519884,0.0327083705830746,0.0333644785482295,123,L,auditory association cortex,aud. assoc.
STGa_R,0.828306918120316,0.0748299042307714,0.448681529070287,0.00307774021258749,0.0254969779788783,0.0224209972108736,303,R,auditory association cortex,aud. assoc.
STSda_L,0.635904983181629,0.00168851288831462,0.0741506037283308,0.0110753294031671,0.0545388521585326,0.0434897921447083,128,L,auditory association cortex,aud. assoc.
STSda_R,0.797704125217873,0.00468269564897739,0.154775784251305,-0.00080953706004242,0.0423813930510171,0.0431894483109608,308,R,auditory association cortex,aud. assoc.
STSdp_L,0.093728142551397,0.00273683887890641,0.812970469384972,0.0501600489373762,0.0371414178757119,-0.0130429302407586,129,L,auditory association cortex,aud. assoc.
STSdp_R,0.610085972417974,0.0618798489543657,0.913658411817487,0.0366255475863255,0.0275193515104175,-0.00911538357418303,309,R,auditory association cortex,aud. assoc.
STSva_L,0.707879541796597,0.0318902463299082,0.707879541796597,0.0261251480913598,0.0352903517683042,0.0091736614778598,176,L,auditory association cortex,aud. assoc.
STSva_R,0.27654441392977,0.016495685023191,0.0276892709689687,-0.016880315244436,0.0410058122399959,0.0578460869414985,356,R,auditory association cortex,aud. assoc.
STSvp_L,0.243145676906957,0.0404351618756387,0.722613077833614,0.0419631433244945,0.0264320598953445,-0.0155483292054919,130,L,auditory association cortex,aud. assoc.
STSvp_R,0.759880789519013,0.0709142023728013,0.130752281957575,-0.00929202950873207,0.0391162581844298,0.0483906991535497,310,R,auditory association cortex,aud. assoc.
STV_L,0.722613077833614,0.116139045630799,0.722613077833614,0.0207259252787601,0.0233056006793568,0.00258092206373799,28,L,tempo-parieto-occipital junction,TPOJ
STV_R,0.730018289938958,0.329249373704361,0.725093564287466,0.012488745001894,0.0244493375189545,0.0119642456982878,208,R,tempo-parieto-occipital junction,TPOJ
TA2_L,0.107526090142862,0.0777705903016575,0.00359236833459065,-0.0371765286288712,0.0225165336503218,0.0596431358119354,107,L,auditory association cortex,aud. assoc.
TA2_R,0.898037644332092,0.250467189751969,0.434924385008365,0.00706929175018489,0.0213398049788051,0.0142726663646357,287,R,auditory association cortex,aud. assoc.
TE1a_L,0.790098960861137,0.00243041119823673,0.139389328040478,-0.00334530650653353,0.0438145261925974,0.0471529213530675,132,L,lateral temporal cortex,lT
TE1a_R,0.406723981611982,0.00700589733403234,0.0309399244771829,-0.0139720126071149,0.0455544967146277,0.0594886455125944,312,R,lateral temporal cortex,lT
TE1m_L,0.952840962910774,0.0972706122016618,0.382706152330751,0.0057306506229426,0.0284234495549354,0.0226964958475164,177,L,lateral temporal cortex,lT
TE1m_R,0.156152999092271,0.156152999092271,0.0300177058728686,-0.0357293958198363,0.0244118901965155,0.0600888751722111,357,R,lateral temporal cortex,lT
TE1p_L,0.913658411817487,0.12822736357607,0.221314896533258,-0.00507893891691834,0.0284357975618947,0.0335098968562305,133,L,lateral temporal cortex,lT
TE1p_R,0.737448301351197,0.486291353813915,0.688527528262426,-0.00470014476626663,0.0169923012595554,0.0216907136693011,313,R,lateral temporal cortex,lT
TE2a_L,0.76740362427525,0.00807857140661739,0.0815343247329796,-0.0100673292722734,0.0407160096059382,0.0507625312417629,134,L,lateral temporal cortex,lT
TE2a_R,0.782513374731455,0.409871676017936,0.529383783475167,0.0189436846610874,0.0219367081103988,0.00299426775344995,314,R,lateral temporal cortex,lT
TE2p_L,0.685980614144526,0.0020702701839781,0.521695672359833,0.0196272373950443,0.0443380876658909,0.02473237322719,136,L,lateral temporal cortex,lT
TE2p_R,0.657182819946016,0.644282694377809,0.644282694377809,-0.000350420549281404,0.0146564364635426,0.015006779939255,316,R,lateral temporal cortex,lT
TF_L,1,0.110460387909072,0.568870874393673,0.00395236319206368,0.0278367555745136,0.0238870204555659,135,L,lateral temporal cortex,lT
TF_R,0.441188560378528,0.0149474502438025,0.0689814901748278,-0.00617332355734625,0.0313800371572594,0.0375460873195125,315,R,lateral temporal cortex,lT
TGd_L,0.976410360440696,0.0328641068893028,0.281329901983478,0.0014977170383476,0.0360536276339702,0.0345577766510217,131,L,lateral temporal cortex,lT
TGd_R,0.495838146245763,0.00224378782629131,0.495838146245763,0.018281666669289,0.0443976105538105,0.026137158431095,311,R,lateral temporal cortex,lT
TGv_L,0.707879541796597,0.14236612695294,0.14236612695294,-0.0119959753768916,0.0332648384485918,0.0452427599652989,172,L,lateral temporal cortex,lT
TGv_R,0.621880562471883,0.0416314722705025,0.0741506037283308,0.0017812775563046,0.0304811623418036,0.0287014431421326,352,R,lateral temporal cortex,lT
TPOJ1_L,0.688527528262426,0.0585519758590856,0.700552445758817,0.0312783110658619,0.0287455764257516,-0.00253501390427268,139,L,tempo-parieto-occipital junction,TPOJ
TPOJ1_R,0.828306918120316,0.38653311915612,0.514077640998648,0.000674845793985762,0.0250703827957443,0.0243959497481079,319,R,tempo-parieto-occipital junction,TPOJ
TPOJ2_L,0.874680881437659,0.874680881437659,0.874680881437659,0.0162128679682399,0.0124662322509676,-0.00374739311555194,140,L,tempo-parieto-occipital junction,TPOJ
TPOJ2_R,0.866918046503692,0.866918046503692,0.866918046503692,0.0200358259455006,0.00772927934394523,-0.0123084527192607,320,R,tempo-parieto-occipital junction,TPOJ
TPOJ3_L,0.5212176151805,0.5212176151805,0.5212176151805,0.0321333888901531,0.0101655105264731,-0.0219750565665163,141,L,tempo-parieto-occipital junction,TPOJ
TPOJ3_R,0.560834434561732,0.468458997276812,0.866918046503692,0.0156736483903007,0.0162258979996649,0.000552390092671256,321,R,tempo-parieto-occipital junction,TPOJ
V1_L,0.992135786718009,0.119068346838319,0.243145676906957,0.0150620338149259,-0.0305015304422899,-0.0455426412808949,1,L,primary visual cortex,V1
V1_R,0.580624373962913,0.301974137375048,0.301974137375048,0.024166680671682,-0.0210678991485022,-0.0452115607522893,181,R,primary visual cortex,V1
V2_L,0.944992487568961,0.692935302909813,0.781826422770751,-0.00139289160428077,-0.0176036354830105,-0.0162111413752041,4,L,early visual cortex,early vis.
V2_R,0.527663479442477,0.527663479442477,0.527663479442477,0.0398200397673432,-0.00543445332320588,-0.045244702130337,184,R,early visual cortex,early vis.
v23ab_L,0.163068649465959,0.289949590005577,0.178504199443289,0.0599632829814012,0.0146146853763214,-0.0453883734571994,33,L,posterior cingulate cortex,pCC
v23ab_R,0.812970469384972,0.812970469384972,0.812970469384972,0.0321354302150113,0.00375763696311516,-0.0283812203773585,213,R,posterior cingulate cortex,pCC
V3_L,0.992135786718009,0.992135786718009,0.992135786718009,0.0221112289120161,0.00260566439544257,-0.0195066883835384,5,L,early visual cortex,early vis.
V3_R,0.363313170460756,0.363313170460756,0.363313170460756,0.0427301520317956,-0.00857796255901855,-0.0512893151260716,185,R,early visual cortex,early vis.
V3A_L,0.975088140660965,0.992135786718009,0.975088140660965,0.0285869308673708,0.00271923142573287,-0.0258697104101446,13,L,dorsal stream visual cortex,d vis.
V3A_R,0.544969755691135,0.952840962910774,0.544969755691135,-0.0162618708151793,0.00136659214463298,0.0176280712051058,193,R,dorsal stream visual cortex,d vis.
V3B_L,0.567157610056228,0.266531856807896,0.266531856807896,-0.00726677387339016,0.01614744101559,0.0234114677919734,19,L,dorsal stream visual cortex,d vis.
V3B_R,0.213006742352691,0.678737063263331,0.213006742352691,0.0525030157511707,0.010732927654157,-0.0417936392753877,199,R,dorsal stream visual cortex,d vis.
V3CD_L,0.707879541796597,0.131407227266724,0.707879541796597,0.0147418867115539,0.019751498477265,0.0050110708610265,158,L,MT+ complex and neighbors,MT+
V3CD_R,0.944992487568961,0.944992487568961,0.944992487568961,0.0103575230442254,0.00888503283688946,-0.00147262572856429,338,R,MT+ complex and neighbors,MT+
V4_L,0.984272323561246,0.984272323561246,0.984272323561246,0.000794003880296874,-0.00157141677152666,-0.00236541770046581,6,L,early visual cortex,early vis.
V4_R,0.77494803999209,0.743757219368645,0.743757219368645,0.0199905970170632,-0.00950241450848912,-0.0294874101284067,186,R,early visual cortex,early vis.
V4t_L,0.382706152330751,0.00675851784582094,0.587412423440188,0.0282604531260619,0.0407659162371868,0.0125198868128034,156,L,MT+ complex and neighbors,MT+
V4t_R,0.448681529070287,0.448681529070287,0.534149002417831,0.0280864319593236,0.00834658780093345,-0.019744472773605,336,R,MT+ complex and neighbors,MT+
V6_L,0.952840962910774,0.378983078562506,0.529383783475167,-0.00354184787077385,0.0181273672678189,0.0216678239694504,3,L,dorsal stream visual cortex,d vis.
V6_R,0.547237466230676,0.0553785419379374,0.089509059127531,-0.0184162821944043,0.0292011175740472,0.0475918060363388,183,R,dorsal stream visual cortex,d vis.
V6A_L,0.412355946386494,0.20894185321877,0.20894185321877,-0.0164411994529624,0.0205994175050002,0.0370280763212214,152,L,dorsal stream visual cortex,d vis.
V6A_R,0.373889623041155,0.00836871095637904,0.0981071332377344,-0.00520729323791153,0.036333056201466,0.0415324916216325,332,R,dorsal stream visual cortex,d vis.
V7_L,0.859167793827094,0.504621533872868,0.859167793827094,0.00223844797243004,0.009078965779605,0.00684065682842453,16,L,dorsal stream visual cortex,d vis.
V7_R,0.882455576709728,0.882455576709728,0.882455576709728,0.0148991140651093,0.00318809707447327,-0.0117115732882821,196,R,dorsal stream visual cortex,d vis.
V8_L,0.730018289938958,0.00504477493269562,0.469845984669979,0.0245522302792419,0.0372368705054413,0.0126962477480978,7,L,ventral stream visual cortex,v vis.
V8_R,0.1970986437899,0.75238019179298,0.1970986437899,-0.032082183113689,0.00689461894276957,0.0389681825116403,187,R,ventral stream visual cortex,v vis.
VIP_L,0.19326655957806,0.0709142023728013,0.700552445758817,0.0404596881615133,0.0286588749097543,-0.0118145125233272,49,L,superior parietal cortex,sP
VIP_R,1,1,1,0.0278839768894458,-0.000705361244234976,-0.028588775841729,229,R,superior parietal cortex,sP
VMV1_L,0.76740362427525,0.26150456391515,0.76740362427525,0.0214554885360214,0.0166474683047795,-0.00480973817143143,153,L,ventral stream visual cortex,v vis.
VMV1_R,0.843707905324934,0.843707905324934,0.843707905324934,0.0148055509119472,0.000682338064787825,-0.0141233555268185,333,R,ventral stream visual cortex,v vis.
VMV2_L,0.421448898121099,0.421448898121099,0.715233289306152,0.0483439956662626,0.0173248210446286,-0.0310451765425742,160,L,ventral stream visual cortex,v vis.
VMV2_R,0.0523537940677486,0.185773118769406,0.238847378895134,0.0621156252003098,0.0201996226070702,-0.0419686611839012,340,R,ventral stream visual cortex,v vis.
VMV3_L,0.688527528262426,0.688527528262426,0.890241407108224,0.025585301299644,0.0200626329769518,-0.00552550461122881,154,L,ventral stream visual cortex,v vis.
VMV3_R,0.334938163090603,0.334938163090603,0.573872618298729,0.0331773732798702,0.0137323646337968,-0.0194538719037937,334,R,ventral stream visual cortex,v vis.
VVC_L,0.434924385008365,0.00296014630200858,0.489596040166003,0.0382857835971116,0.0465304188648235,0.00825934891413371,163,L,ventral stream visual cortex,v vis.
VVC_R,0.715233289306152,0.00402792235858485,0.491644998528772,0.0197106667890939,0.0365667018769871,0.0168681929066901,343,R,ventral stream visual cortex,v vis.
